Player Name	Player Team	Player Position	DS Rank	CBS: Redraft 1 PPR ADP	CBS: Redraft 1 PPR ADP Market Index	Consensus: Redraft 1 PPR ADP	Consensus: Redraft 1 PPR ADP Market Index	Sleeper: Redraft 1 PPR ADP	Sleeper: Redraft 1 PPR ADP Market Index
Puka Nacua	LAR	WR	1	1.4	3	1.4	3	1.4	3
Ja'Marr Chase	CIN	WR	2	1.3	1	1.3	1	1.3	1
Jahmyr Gibbs	DET	RB	3	1.1	-2	1.1	-2	1.1	-2
Bijan Robinson	ATL	RB	4	1.2	-2	1.2	-2	1.2	-2
Christian McCaffrey	SF	RB	5	1.7	2	1.5	0	1.5	0
Jaxon Smith-Njigba	SEA	WR	6	1.6	0	1.6	0	1.6	0
Amon-Ra St. Brown	DET	WR	7	1.8	1	1.8	1	1.8	1
CeeDee Lamb	DAL	WR	8	2.1	5	1.12	4	1.9	1
Justin Jefferson	MIN	WR	9	2.4	7	1.11	2	1.1	1
Jonathan Taylor	IND	RB	10	1.5	-5	1.7	-3	1.7	-3
Ashton Jeanty	LVR	RB	11	1.11	0	1.9	-2	2.2	3
James Cook	BUF	RB	12	1.1	-2	1.1	-2	1.12	0
A.J. Brown	NE	WR	13	2.11	10	2.6	5	2.7	6
Drake London	ATL	WR	14	2.5	3	2.5	3	2.1	-1
Nico Collins	HOU	WR	15	3.1	10	3.1	10	3.2	11
Rashee Rice	KC	WR	16	2.9	5	3.2	10	2.1	6
Saquon Barkley	PHI	RB	17	2.2	-3	2.4	-1	2.3	-2
Kenneth Walker III	KC	RB	18	2.1	4	2.7	1	2.11	5
De'Von Achane	MIA	RB	19	1.9	-10	2.1	-6	1.11	-8
George Pickens	DAL	WR	20	2.7	-1	2.11	3	2.12	4
Chase Brown	CIN	RB	21	1.12	-9	2.2	-7	2.6	-3
Omarion Hampton	LAC	RB	22	2.6	-4	2.3	-7	2.5	-5
Brock Bowers	LVR	TE	23	3.2	3	2.8	-3	2.9	-2
Josh Allen	BUF	QB	24	2.8	-4	3.4	4	3.6	6
Trey McBride	ARI	TE	25	3.3	2	2.9	-4	2.4	-9
Derrick Henry	BAL	RB	26	2.3	-11	2.1	-4	3.1	-1
Malik Nabers	NYG	WR	27	3.9	6	3.6	3	3.4	1
Zay Flowers	BAL	WR	28	4.1	9	4.1	9	4.7	15
Jeremiyah Love	ARI	RB	29	3.6	1	2.12	-5	2.8	-9
Chris Olave	NO	WR	30	3.5	-1	3.3	-3	3.3	-3
DeVonta Smith	PHI	WR	31	3.12	5	3.1	3	4.8	13
Tee Higgins	CIN	WR	32	4.2	6	4.2	6	3.1	2
Garrett Wilson	NYJ	WR	33	4.1	13	4.4	7	4.3	6
Josh Jacobs	GB	RB	34	2.12	-10	3.8	-2	3.5	-5
Colston Loveland	CHI	TE	35	4.7	8	4.7	8	4.5	6
Breece Hall	NYJ	RB	36	3.7	-5	3.7	-5	3.8	-4
Jaylen Waddle	DEN	WR	37	5.4	15	4.1	9	4.1	9
Tyler Warren	IND	TE	38	5.5	15	5.5	15	5.2	12
Javonte Williams	DAL	RB	39	3.1	-5	3.9	-6	4.2	-1
Davante Adams	LAR	WR	40	5.8	16	5.3	11	4.11	7
Travis Etienne	NO	RB	41	4.4	-1	3.11	-6	3.11	-6
Emeka Egbuka	TB	WR	42	3.11	-7	4.3	-3	4.9	3
Luther Burden III	CHI	WR	43	5.3	8	4.6	-1	4.4	-3
Kyren Williams	LAR	RB	44	3.4	-16	3.5	-15	3.7	-13
Tetairoa McMillan	CAR	WR	45	4.9	0	3.12	-9	3.12	-9
Christian Watson	GB	WR	46	6.5	19	6.1	15	6.7	21
Ladd McConkey	LAC	WR	47	4.12	1	4.9	-2	4.6	-5
Lamar Jackson	BAL	QB	48	4.3	-9	4.11	-1	4.1	-11
Terry McLaurin	WAS	WR	49	4.11	-2	5.4	3	5.7	6
Cameron Skattebo	NYG	RB	50	3.8	-18	4.5	-9	5.1	-1
Mike Evans	SF	WR	51	6.2	11	5.11	8	5.9	6
Drake Maye	NE	QB	52	5.1	-3	5.9	5	5.3	-1
Jayden Daniels	WAS	QB	53	5.11	6	6.3	10	5.12	7
D'Andre Swift	CHI	RB	54	4.6	-12	5.8	2	6.4	10
Joe Burrow	CIN	QB	55	5.2	-5	5.1	3	5.8	1
Jalen Hurts	PHI	QB	56	6.9	13	6.7	11	6.5	9
Tucker Kraft	GB	TE	57	7.3	18	6.12	15	6.6	9
David Montgomery	HOU	RB	58	5.9	-1	5.2	-8	5.6	-4
Bucky Irving	TB	RB	59	4.5	-18	4.8	-15	3.9	-26
Jameson Williams	DET	WR	60	5.1	-2	5.7	-5	5.4	-8
Rome Odunze	CHI	WR	61	6.4	3	6.2	1	6.3	2
D.J. Moore	BUF	WR	62	5.12	-2	5.6	-8	5.1	-4
Sam LaPorta	DET	TE	63	6.8	5	7.11	20	7.4	13
TreVeyon Henderson	NE	RB	64	5.6	-10	4.12	-16	4.12	-16
Harold Fannin Jr.	CLE	TE	65	7.5	12	6.6	1	6.1	-4
Trevor Lawrence	JAC	QB	66	9.3	33	8.5	23	8.8	26
Justin Herbert	LAC	QB	67	8.2	19	8.2	19	8.2	19
Parker Washington	JAC	WR	68	7.11	15	7.8	12	7.12	16
Quinshon Judkins	CLE	RB	69	4.8	-25	5.1	-20	5.5	-16
Brock Purdy	SF	QB	70	9.7	33	9.1	36	9.8	34
Caleb Williams	CHI	QB	71	8.1	23	7.5	6	7.11	12
Dak Prescott	DAL	QB	72	6.6	-6	8.1	13	8.7	19
Kyler Murray	MIN	QB	73	13.2	73	11.6	53	13.4	75
Jaylen Warren	PIT	RB	74	7.1	-1	6.9	-5	7.1	-1
Jaxson Dart	NYG	QB	76	7.1	6	8.9	17	7.9	5
Bhayshul Tuten	JAC	RB	77	5.7	-22	5.12	-17	5.11	-18
D.K. Metcalf	PIT	WR	78	8.1	7	7.1	-5	6.12	-6
Rhamondre Stevenson	NE	RB	79	7.9	2	7.7	0	7.1	3
Bo Nix	DEN	QB	80	12.3	55	10.4	32	10.11	39
Carnell Tate	TEN	WR	81	7.8	-1	6.5	-16	6.2	-19
Patrick Mahomes	KC	QB	82	9.12	26	9.6	20	9.3	17
Rico Dowdle	PIT	RB	83	6.11	-12	8.3	4	8.5	6
Tony Pollard	TEN	RB	84	6.12	-12	7.4	-8	8.3	3
Marvin Harrison Jr.	ARI	WR	85	6.1	-15	6.11	-14	7.3	-10
Kyle Pitts	ATL	TE	86	6.7	-19	7.2	-12	6.11	-15
Chuba Hubbard	CAR	RB	87	7.2	-13	7.6	-9	7.2	-13
Jordyn Tyson	NO	WR	89	8.11	6	7.9	-8	6.9	-20
Michael Pittman Jr.	PIT	WR	90	10.3	21	8.12	6	9.6	12
Jadarian Price	SEA	RB	91	6.1	-30	6.4	-27	7.8	-11
Courtland Sutton	DEN	WR	93	7.4	-17	7.3	-18	7.6	-15
Jayden Reed	GB	WR	94	10.1	24	10.2	16	10.8	22
Alec Pierce	IND	WR	95	6.3	-32	7.12	-11	8.1	-10
Jordan Addison	MIN	WR	96	10.9	21	9.9	9	9.4	4
Brian Thomas Jr.	JAC	WR	97	7.6	-19	6.8	-29	6.1	-27
Jared Goff	DET	QB	98	11.9	31	10.6	16	11.1	23
J.K. Dobbins	DEN	RB	99	8.3	-12	8.8	-7	8.9	-6
Jakobi Meyers	JAC	WR	100	8.4	-12	9.2	-2	8.4	-12
George Kittle	SF	TE	101	8.8	-9	9.5	0	9.1	-4
Jonathon Brooks	CAR	RB	102	9.1	4	9.8	2	12.1	40
Matthew Stafford	LAR	QB	103	10.4	9	9.3	-4	10.5	10
RJ Harvey	DEN	RB	104	7.7	-25	6.1	-34	6.8	-36
Tyler Shough	NO	QB	105	14.7	58	11.1	25	13.6	45
Jordan Love	GB	QB	106	15.4	66	11.7	21	11.4	18
Quentin Johnston	LAC	WR	107	8.9	-14	9.1	-10	9.5	-6
Jordan Mason	MIN	RB	108	10.6	6	10.3	3	11.11	23
Baker Mayfield	TB	QB	110	12.9	31	11.3	13	12.11	33
Josh Downs	IND	WR	111	9.5	-10	10.1	-2	11.5	14
Chris Godwin	TB	WR	112	8.6	-22	8.6	-22	8.1	-18
Kyle Monangai	CHI	RB	115	9.1	-18	8.4	-27	8.6	-25
Kenneth Gainwell	TB	RB	116	9.4	-16	9.4	-16	9.11	-9
Jacory Croskey-Merritt	WAS	RB	117	9.9	-12	10.5	-4	10.4	-5
Travis Kelce	KC	TE	118	9.6	-16	9.11	-11	9.12	-10
Blake Corum	LAR	RB	120	9.11	-13	8.11	-25	9.2	-22
Xavier Worthy	KC	WR	121	10.11	-2	11.1	0	12.5	16
Rachaad White	WAS	RB	122	10.7	-7	9.7	-19	11.8	6
Stefon Diggs	WAS	WR	123	14.2	35	12.1	10	11.7	4
Brandon Aubrey	DAL	K	125	10.8	-9	15.4	47	15.12	55
Tyjae Spears	TEN	RB	126	13.5	23	12.1	16	14.4	34
Romeo Doubs	NE	WR	128	11.1	2	10.1	-10	10.6	-14
Aaron Jones	MIN	RB	129	10.2	-19	10.8	-13	10.1	-20
Malik Willis	MIA	QB	130	14.9	35	12.8	10	12.9	11
Daniel Jones	IND	QB	131	14.6	31	16.1	50	18.6	79
Makai Lemon	PHI	WR	132	10.5	-19	8.7	-41	7.5	-55
C.J. Stroud	HOU	QB	133	18.12	83	14.7	30	15.1	36
Jayden Higgins	HOU	WR	134	12.4	2	11.4	-10	11.12	-2
Zach Charbonnet	SEA	RB	135	11.4	-11	11.8	-7	11.6	-9
Deebo Samuel	SF	WR	137	12.2	-3	13.4	11	15.3	34
Woody Marks	HOU	RB	138	13.3	9	11.9	-9	13.1	7
Cameron Dicker	LAC	K	139	13.12	17	16.4	45	16.1	42
KC Concepcion	CLE	WR	140	11.2	-18	11.5	-15	13.5	9
Wan'Dale Robinson	TEN	WR	141	8.5	-52	8.1	-47	9.7	-38
Michael Wilson	ARI	WR	142	9.8	-38	7.1	-60	7.7	-63
Matthew Golden	GB	WR	143	11.12	-11	11.2	-21	12.4	-7
Dylan Sampson	CLE	RB	144	15.2	26	14.4	16	15.7	31
Isiah Pacheco	DET	RB	146	12.8	-6	13.7	5	15.9	31
Cameron Ward	TEN	QB	150	18.9	63	14.1	16	15.6	24
Houston Texans	HOU	DEF	151	10.1	-42	22.11	112	10.12	-31
Khalil Shakir	BUF	WR	152	11.11	-21	11.11	-21	12.3	-17
Chris Rodriguez	JAC	RB	153	11.7	-26	12.4	-17	13.2	-7
Tyrone Tracy Jr.	NYG	RB	154	10.12	-34	11.12	-22	13.8	-2
Sam Darnold	SEA	QB	155	14.8	9	14.11	12	15.5	18
Alvin Kamara	NO	RB	156	12.1	-23	13.1	-11	14.7	7
Keaton Mitchell	LAC	RB	157	13.4	-9	13.9	-4	15.4	15
Mark Andrews	BAL	TE	160	11.5	-35	10.11	-41	10.3	-49
Aaron Rodgers	PIT	QB	162			19.6	60		
Ka'imi Fairbairn	HOU	K	163	12.7	-24	18.1	42	18.1	42
Dalton Kincaid	BUF	TE	164	12.5	-27	10.9	-47	8.12	-68
Denver Broncos	DEN	DEF	165	7.12	-81			12.2	-31
Jake Ferguson	DAL	TE	166	11.8	-38	9.12	-58	9.9	-61
Dallas Goedert	PHI	TE	167	8.7	-76	10.12	-47	10.2	-57
Seattle Seahawks	SEA	DEF	172	11.1	-51	12.11	-29	11.3	-49
Tyler Allgeier	ARI	RB	176	13.8	-24	12.3	-41	12.1	-43
Rashid Shaheed	SEA	WR	177	12.12	-33	12.5	-40	14.5	-16
Bryce Young	CAR	QB	179			16.7	8	18.4	29
Jaydon Blue	DAL	RB	180			19.1	37	23.5	89
Tyler Loop	BAL	K	181			20.6	53	23.9	92
Brian Robinson Jr.	ATL	RB	182	18.2	24	13.5	-33	11.2	-60
Green Bay Packers	GB	DEF	184			20.8	52	19.5	37
Baltimore Ravens	BAL	DEF	187	15.6	-13	18.7	24	13.3	-40
Cairo Santos	CHI	K	188	18.11	27	20.12	52	21.2	54
Eddy Pineiro	SF	K	190	18.6	20	19.9	35	19.6	32
Cam Little	JAC	K	191	17.3	4	18.9	22	19.2	27
Brenton Strange	JAC	TE	193	13.1	-48	12.9	-52	11.9	-64
Jalen McMillan	TB	WR	194	14.11	-27	14.1	-37	15.2	-24
Pittsburgh Steelers	PIT	DEF	195	16.1	-5	16.6	-9	17.4	1
Minnesota Vikings	MIN	DEF	196	12.1	-54	14.12	-28	14.9	-31
Fernando Mendoza	LVR	QB	199			17.2	-5	15.11	-20
Trey Smack	GB	K	200			25.3	91		
New England Patriots	NE	DEF	201	16.9	-12	16.11	-10	14.1	-44
Jalen Coker	CAR	WR	202	12.11	-59	12.2	-68	12.7	-63
Jacoby Brissett	ARI	QB	203	19.4	17	17.1	-1	19.1	14
Jake Bates	DET	K	204	16.7	-17	19.1	22	22.12	60
Jonah Coleman	DEN	RB	205	14.1	-39	13.8	-53	13.7	-54
Harrison Mevis	LAR	K	206	16.12	-14	18.12	10	17.2	-12
Justice Hill	BAL	RB	207	18.7	4				
Omar Cooper Jr.	NYJ	WR	209	13.9	-56	14.3	-50	13.12	-53
Philadelphia Eagles	PHI	DEF	211	12.6	-73	17.7	-12	11.1	-81
Isaiah Likely	NYG	TE	212	8.12	-116	10.7	-97	10.9	-95
Hunter Henry	NE	TE	213	15.7	-38	13.3	-66	9.1	-107
Denzel Boston	CLE	WR	214	15.5	-41	13.12	-58	13.11	-59
Emmett Johnson	KC	RB	215	15.12	-35	15.2	-45	14.2	-57
Los Angeles Rams	LAR	DEF	217	11.6	-91	13.6	-67	10.7	-102
Wil Lutz	DEN	K	219			22.9	42	24.1	67
Nicholas Singleton	TEN	RB	220	18.1	-6	16.12	-28	16.8	-32
Detroit Lions	DET	DEF	222			17.1	-29	14.11	-55
Harrison Butker	KC	K	223	17.1	-21	20.9	14	21.5	22
Kenyon Sadiq	NYJ	TE	225	16.3	-42	12.12	-81	10.1	-107
Adonai Mitchell	NYJ	WR	226	16.5	-41	15.1	-48	16.1	-36
Los Angeles Chargers	LAC	DEF	227	18.8	-15	16.3	-44	18.7	-16
New York Giants	NYG	DEF	228			21.5	17	18.2	-22
Juwan Johnson	NO	TE	231	14.3	-72	12.7	-92	12.6	-93
Braelon Allen	NYJ	RB	232	16.4	-48	15.7	-57	16.6	-46
Charlie Smyth	NO	K	234			25.8	62	25.2	56
James Conner	ARI	RB	235	18.4	-27	15.9	-58	14.6	-73
Tre Tucker	LVR	WR	237	14.5	-76	15.1	-68	19.11	-10
Mike Washington Jr.	LVR	RB	238			17.4	-42	16.12	-46
Jacksonville Jaguars	JAC	DEF	239	17.11	-36	15.6	-65	16.9	-50
Keenan Allen	UNS	WR	242			23.1	23	23.1	23
Kaytron Allen	WAS	RB	245	18.6	-35	17.12	-41	17.5	-48
Sean Tucker	TB	RB	247			18.3	-40	18.3	-40
Chicago Bears	CHI	DEF	248			20.1	-10	20.1	-19
Buffalo Bills	BUF	DEF	250			21.3	-7	21.1	0
Chigoziem Okonkwo	WAS	TE	251	15.1	-73	13.2	-105	13.9	-98
Andres Borregales	NE	K	255			19.7	-32	17.7	-56
Cleveland Browns	CLE	DEF	257			22.1	-4	24.12	31
Trey Benson	ARI	RB	258			22.7	1	17.6	-60
De'Zhaun Stribling	SF	WR	259	18.3	-52	14.9	-94	19.3	-40
Jason Myers	SEA	K	260	11.3	-137	17.8	-60	16.7	-73
Dalton Schultz	HOU	TE	262	17.2	-68	14.5	-101	12.8	-122
T.J. Hockenson	MIN	TE	265	15.1	-87	13.1	-111	12.12	-121
Kansas City Chiefs	KC	DEF	266			20.5	-33	17.1	-64
Chris Boswell	PIT	K	267			19.11	-40	23.1	7
Chase McLaughlin	TB	K	271	18.9	-58	21.4	-27	23.12	5
Jauan Jennings	MIN	WR	272	15.8	-96	13.11	-117	13.1	-118
Tampa Bay Buccaneers	TB	DEF	273			21.1	-32	22.1	-11
Tank Bigsby	PHI	RB	274	17.4	-78	14.6	-112	17.9	-73
Brashard Smith	KC	RB	276			25.11	23	21.12	-24
Jerry Jeudy	CLE	WR	277	14.12	-109	14.8	-113	16.3	-94
Calvin Ridley	TEN	WR	279	17.9	-78	16.1	-89	22.2	-25
Najee Harris	UNS	RB	280					20.3	-49
Will Reichard	MIN	K	281	19.1	-64	18.8	-69	19.7	-58
San Francisco 49ers	SF	DEF	282			19.3	-63	20.5	-49
Germie Bernard	PIT	WR	283			20.2	-53	20.11	-44
Jalen Nailor	LVR	WR	285	13.1	-131	14.2	-127	15.8	-109
Oronde Gadsden II	LAC	TE	286	15.3	-115	12.6	-148	8.11	-191
Emanuel Wilson	SEA	RB	288	14.1	-131	18.1	-74	19.4	-68
Kaelon Black	SF	RB	289	16.8	-101				
Tua Tagovailoa	ATL	QB	290			21.11	-39	23.4	-22
Michael Penix Jr.	ATL	QB	293			22.4	-37	22.3	-38
Indianapolis Colts	IND	DEF	295			20.3	-64	20.9	-58
Tyler Bass	BUF	K	296			23.9	-23	25.9	1
Jaylen Wright	MIA	RB	297			20.1	-68	20.6	-63
Jake Elliott	PHI	K	298			20.11	-59	24.2	-20
Jake Moody	WAS	K	301					25.1	-3
Kendre Miller	NO	RB	303			24.12	-15	21.9	-54
Demond Claiborne	MIN	RB	304	18.11	-89	19.12	-76	20.8	-68
Jordan James	SF	RB	306	14.4	-146				
New Orleans Saints	NO	DEF	309	17.6	-111			24.7	-26
Tennessee Titans	TEN	DEF	310			23.2	-44	25.3	-19
Kimani Vidal	LAC	RB	312	17.7	-113	16.5	-127	17.3	-117
Cincinnati Bengals	CIN	DEF	323					24.3	-44
Rashod Bateman	BAL	WR	328	17.12	-124	23.3	-61	22.11	-65
Cade Otton	TB	TE	329	16.6	-143	15.8	-153	14.12	-161
New York Jets	NYJ	DEF	330			25.5	-37	25.6	-36
Tre Harris	LAC	WR	333			16.2	-151	18.5	-124
Dallas Cowboys	DAL	DEF	334			19.4	-114	19.9	-109
Las Vegas Raiders	LVR	DEF	335			23.8	-63	25.5	-42
Kaleb Johnson	PIT	RB	338			24.3	-59	20.7	-103
AJ Barner	SEA	TE	342			15.3	-171	14.3	-183
Pat Freiermuth	PIT	TE	343			22.12	-79		
Shedeur Sanders	CLE	QB	347			20.4	-115	21.11	-96
Evan McPherson	CIN	K	348			21.2	-106	21.6	-102
Ray Davis	BUF	RB	350			17.11	-147	19.12	-122
Ben Sauls	NYG	K	353			22.1	-91		
Cooper Kupp	SEA	WR	355	18.1	-150	19.8	-131	23.3	-88
Gunnar Helm	TEN	TE	356			18.5	-147	18.12	-140
Jaylin Noel	HOU	WR	360			23.6	-90	20.4	-128
Kayshon Boutte	NE	WR	361	16.11	-170	15.5	-188	16.11	-170
Ryan Flournoy	DAL	WR	364			17.6	-166	22.1	-111
Nick Folk	ATL	K	365	17.5	-168	24.6	-83	25.7	-70
Jarquez Hunter	LAR	RB	366					24.1	-89
Terrance Ferguson	LAR	TE	368			17.5	-171	14.8	-204
Atlanta Falcons	ATL	DEF	369	13.11	-214	21.1	-119	22.4	-113
Arizona Cardinals	ARI	DEF	372			25.7	-77	25.4	-80
Carolina Panthers	CAR	DEF	373			23.4	-105	23.8	-101
Washington Commanders	WAS	DEF	374			24.1	-97		
Zachariah Branch	ATL	WR	375			17.9	-174	17.1	-182
Devin Neal	NO	RB	379					20.2	-149
Travis Hunter	JAC	WR	385			15.11	-206	14.1	-219
Miami Dolphins	MIA	DEF	386			25.1	-88	25.8	-90
Audric Estime	NO	RB	390					23.6	-120
Brandon Aiyuk	UNS	WR	396	16.2	-214	18.2	-190	17.11	-193
Pat Bryant	DEN	WR	399			24.9	-114	21.3	-156
Matt Gay	LVR	K	412			23.5	-143	24.11	-125
Dontayvion Wicks	PHI	WR	419			21.7	-172		
Darnell Mooney	NYG	WR	424	17.8	-224	18.4	-216	20.12	-184
Cade York	NYJ	K	426			24.2	-148		
Andre Szmyt	CLE	K	427			24.11	-140	25.12	-127
Tyreek Hill	UNS	WR	430	15.9	-253	19.5	-209	16.5	-245
Devaughn Vele	NO	WR	434					23.11	-159
Greg Dulcich	MIA	TE	445	13.7	-294	21.12	-193		
Keon Coleman	BUF	WR	454			22.2	-200	23.2	-188
Colby Parkinson	LAR	TE	455			18.11	-240	18.11	-240
Ja'Kobi Lane	BAL	WR	456			21.9	-207	18.8	-244
Isaac TeSlaa	DET	WR	472			16.8	-284	18.9	-259
Nathaniel Dell	HOU	WR	476	13.6	-326	17.3	-281	19.1	-250
David Njoku	LAC	TE	479			16.9	-290	16.2	-297
Elijah Sarratt	BAL	WR	481			23.1	-207	22.6	-223
Darnell Washington	PIT	TE	483			25.12	-183		
Joe Mixon	UNS	RB	490			23.11	-215	19.8	-266
Troy Franklin	DEN	WR	597			18.6	-387	17.8	-397
Marvin Mims Jr.	DEN	WR	607			25.6	-313	20.1	-369
Chris Bell	MIA	WR	608			22.6	-350	22.8	-348
Jack Bech	LVR	WR	612	15.1	-443	24.7	-329	23.7	-341
Antonio Williams	WAS	WR	637	15.11	-458	15.12	-457	15.1	-459
Elic Ayomanor	TEN	WR	643			22.5	-386	18.1	-429
Eli Stowers	PHI	TE	648			20.7	-413	16.4	-464
Ted Hurst	TB	WR	649			21.8	-401	21.4	-405
Tory Horton	SEA	WR	668			22.8	-408	22.5	-411
Malachi Fields	NYG	WR	694			21.6	-448	24.6	-412
Mason Taylor	NYJ	TE	703			24.8	-419	21.8	-455
Kyle Williams	NE	WR	704					21.1	-463
Christian Kirk	SF	WR	709	18.5	-500	22.3	-454	24.4	-429
Chimere Dike	TEN	WR	752			25.2	-462	22.7	-493
Max Klare	LAR	TE	760					24.8	-476
Theo Johnson	NYG	TE	774			24.1	-488	22.9	-513
John Metchie	CAR	WR	819	17.1	-626				
Jake Tonges	SF	TE	852			19.2	-634	17.12	-648
Michael Trigg	DAL	TE	979					24.9	-694
J.J. McCarthy	MIN	QB	1018			24.4	-738	21.7	-771
Ty Simpson	LAR	QB	1031			25.1	-742	24.5	-750
Ricky Pearsall	SF	WR	1132	9.2	-1034				
Spencer Shrader	IND	K	1873	16.1	-1692	23.7	-1602		
Younghoe Koo	NYJ	K	2018			23.12	-1742	25.11	-1719
Riley Patterson	MIA	K	2026					25.1	-1737
Dominic Zvada	NYG	K	2060			25.4	-1768		
Buffalo Bills	BUF	TQB		2.8	0	3.4	0	3.6	0
Baltimore Ravens	BAL	TQB		4.3	0	4.11	0	4.1	0
New England Patriots	NE	TQB		5.1	0	5.9	0	5.3	0
Cincinnati Bengals	CIN	TQB		5.2	0	5.1	0	5.8	0
Washington Commanders	WAS	TQB		5.11	0	6.3	0	5.12	0
Dallas Cowboys	DAL	TQB		6.6	0	8.1	0	8.7	0
Philadelphia Eagles	PHI	TQB		6.9	0	6.7	0	6.5	0
New York Giants	NYG	TQB		7.1	0	8.9	0	7.9	0
Los Angeles Chargers	LAC	TQB		8.2	0	8.2	0	8.2	0
Chicago Bears	CHI	TQB		8.1	0	7.5	0	7.11	0
Jacksonville Jaguars	JAC	TQB		9.3	0	8.5	0	8.8	0
San Francisco 49ers	SF	TQB		9.7	0	9.1	0	9.8	0
Kansas City Chiefs	KC	TQB		9.12	0	9.6	0	9.3	0
Los Angeles Rams	LAR	TQB		10.4	0	9.3	0	10.5	0
Dallas Cowboys	DAL	TK		10.8	0	15.4	0	15.12	0
Seattle Seahawks	SEA	TK		11.3	0	17.8	0	16.7	0
Detroit Lions	DET	TQB		11.9	0	10.6	0	11.1	0
Denver Broncos	DEN	TQB		12.3	0	10.4	0	10.11	0
Houston Texans	HOU	TK		12.7	0	18.1	0	18.1	0
Tampa Bay Buccaneers	TB	TQB		12.9	0	11.3	0	12.11	0
Minnesota Vikings	MIN	TQB		13.2	0	11.6	0	13.4	0
Los Angeles Chargers	LAC	TK		13.12	0	16.4	0	16.1	0
Indianapolis Colts	IND	TQB		14.6	0	16.1	0	18.6	0
New Orleans Saints	NO	TQB		14.7	0	11.1	0	13.6	0
Seattle Seahawks	SEA	TQB		14.8	0	14.11	0	15.5	0
Miami Dolphins	MIA	TQB		14.9	0	12.8	0	12.9	0
Green Bay Packers	GB	TQB		15.4	0	11.7	0	11.4	0
Indianapolis Colts	IND	TK		16.1	0	23.7	0		
Detroit Lions	DET	TK		16.7	0	19.1	0	22.12	0
Los Angeles Rams	LAR	TK		16.12	0	18.12	0	17.2	0
Jacksonville Jaguars	JAC	TK		17.3	0	18.9	0	19.2	0
Atlanta Falcons	ATL	TK		17.5	0	24.6	0	25.7	0
Kansas City Chiefs	KC	TK		17.1	0	20.9	0	21.5	0
San Francisco 49ers	SF	TK		18.6	0	19.9	0	19.6	0
Tennessee Titans	TEN	TQB		18.9	0	14.1	0	15.6	0
Tampa Bay Buccaneers	TB	TK		18.9	0	21.4	0	23.12	0
Chicago Bears	CHI	TK		18.11	0	20.12	0	21.2	0
Houston Texans	HOU	TQB		18.12	0	14.7	0	15.1	0
Minnesota Vikings	MIN	TK		19.1	0	18.8	0	19.7	0
Arizona Cardinals	ARI	TQB		19.4	0	17.1	0	19.1	0
Carolina Panthers	CAR	TQB				16.7	0	18.4	0
Las Vegas Raiders	LVR	TQB				17.2	0	15.11	0
Pittsburgh Steelers	PIT	TQB				19.6	0		
New England Patriots	NE	TK				19.7	0	17.7	0
Pittsburgh Steelers	PIT	TK				19.11	0	23.1	0
Cleveland Browns	CLE	TQB				20.4	0	21.11	0
Baltimore Ravens	BAL	TK				20.6	0	23.9	0
Philadelphia Eagles	PHI	TK				20.11	0	24.2	0
Cincinnati Bengals	CIN	TK				21.2	0	21.6	0
Atlanta Falcons	ATL	TQB				21.11	0	22.3	0
Denver Broncos	DEN	TK				22.9	0	24.1	0
New York Giants	NYG	TK				22.1	0		
Las Vegas Raiders	LVR	TK				23.5	0	24.11	0
Buffalo Bills	BUF	TK				23.9	0	25.9	0
New York Jets	NYJ	TK				23.12	0	25.11	0
Cleveland Browns	CLE	TK				24.11	0	25.12	0
Green Bay Packers	GB	TK				25.3	0		
New Orleans Saints	NO	TK				25.8	0	25.2	0
Miami Dolphins	MIA	TK						25.1	0
Washington Commanders	WAS	TK						25.1	0
