Rank	Team	Player	Fantasy Position	Games	ADP	Bye	SOS	InjuryRisk	Floor Proj	Consensus Proj	DS Proj	CeilingProj	3D Value
1	LAR	Puka Nacua	WR	17	1.04	11	-3.10%	51%	290	326	358	393.8	100
2	CIN	Ja'Marr Chase	WR	17	1.03	6	4%	37%	298.2	302	339	399.8	96
3	DET	Jahmyr Gibbs	RB	17	1.01	6	0.90%	54%	292.2	341	352	411.9	96
4	ATL	Bijan Robinson	RB	17	1.02	11	-3.20%	25%	294	347	346	404.7	93
5	SF	Christian McCaffrey	RB	17	1.05	8	0.70%	78%	275	315	331	414.1	88
6	SEA	Jaxon Smith-Njigba	WR	17	1.06	11	-0.10%	39%	286.7	292	315	374.9	84
7	DET	Amon-Ra St. Brown	WR	17	1.08	6	-1%	37%	287.9	283	316	354.3	81
8	DAL	CeeDee Lamb	WR	17	1.12	14	-0.70%	44%	265.2	259	301	361.6	76
9	MIN	Justin Jefferson	WR	17	1.11	6	4.90%	36%	249.7	251	290	377.5	73
10	IND	Jonathan Taylor	RB	17	1.07	13	1.70%	37%	254	302	299	364.6	68
11	LVR	Ashton Jeanty	RB	17	1.09	13	-3.10%	39%	254.9	265	293	369.1	67
12	BUF	James Cook	RB	17	1.1	7	-4.20%	36%	255.1	265	293	360.7	66
13	NE	A.J. Brown	WR	17	2.06	11	-2.50%	61%	234	249	279	342.7	63
14	ATL	Drake London	WR	17	2.05	11	0.40%	73%	254.8	262	277	332.4	63
15	HOU	Nico Collins	WR	17	3.01	8	4.40%	49%	243.7	234	274	334.1	61
16	KC	Rashee Rice	WR	17	3.02	5	-2.60%	74%	209.1	232	283	333.4	60
17	PHI	Saquon Barkley	RB	17	2.04	10	4.40%	35%	232.8	255	268	369.3	58
18	KC	Kenneth Walker III	RB	17	2.07	5	0.60%	34%	225.4	250	268	362.3	56
19	MIA	De'Von Achane	RB	17	2.01	6	0.80%	68%	235	281	270	348.5	55
20	DAL	George Pickens	WR	17	2.11	14	-0.70%	36%	232.9	240	262	327.2	55
21	CIN	Chase Brown	RB	17	2.02	6	-4%	45%	226.7	257	267	349.4	54
22	LAC	Omarion Hampton	RB	17	2.03	7	0.60%	73%	225.4	246	259	362.7	53
23	LVR	Brock Bowers	TE	17	2.08	13	-1%	81%	235.9	234	259	313.7	53
24	BUF	Josh Allen	QB	17	3.04	7	-3.40%	33%	306.9	363	379	439.5	52
25	ARI	Trey McBride	TE	17	2.09	14	-3.60%	46%	235.7	246	253	304.2	50
26	BAL	Derrick Henry	RB	17	2.1	13	-0.10%	33%	223.1	257	262	333.3	50
27	NYG	Malik Nabers	WR	16	3.06	8	3.70%	39%	189.4	196	243	344.8	48
28	BAL	Zay Flowers	WR	17	4.01	13	-0.30%	36%	224.8	218	253	295.6	47
29	ARI	Jeremiyah Love	RB	17	2.12	14	0.10%	34%	218.6	249	243	354.7	46
30	NO	Chris Olave	WR	17	3.03	8	0.90%	75%	216.5	236	252	299.6	46
31	PHI	DeVonta Smith	WR	17	3.1	10	6.60%	50%	222.7	228	242	305	45
32	CIN	Tee Higgins	WR	17	4.02	6	4%	66%	217	219	244	302.3	44
33	NYJ	Garrett Wilson	WR	17	4.04	13	-1%	38%	219.2	228	244	299.6	44
34	GB	Josh Jacobs	RB	17	3.08	11	-2.20%	67%	184.9	241	264	316.9	44
35	CHI	Colston Loveland	TE	17	4.07	10	-3.60%	60%	197.4	223	241	288.9	43
36	NYJ	Breece Hall	RB	17	3.07	13	-2.50%	43%	215.6	233	248	314.8	42
37	DEN	Jaylen Waddle	WR	17	4.1	10	-2.50%	37%	199.4	201	235	300.3	39
38	IND	Tyler Warren	TE	17	5.05	13	1.50%	36%	190	204	229	265.5	38
39	DAL	Javonte Williams	RB	17	3.09	14	2.90%	43%	209.1	225	240	305.3	37
40	LAR	Davante Adams	WR	17	5.03	11	-3.10%	49%	188.9	201	230	290.2	36
41	NO	Travis Etienne	RB	17	3.11	8	1.80%	45%	210.5	214	229	315.8	35
42	TB	Emeka Egbuka	WR	17	4.03	10	2.60%	42%	193.9	200	223	298.6	35
43	CHI	Luther Burden III	WR	17	4.06	10	-2.50%	54%	189.2	194	223	300.4	35
44	LAR	Kyren Williams	RB	17	3.05	11	6.40%	52%	209.6	222	233	302.8	35
45	CAR	Tetairoa McMillan	WR	17	3.12	5	-1.30%	37%	200.9	218	223	290.2	35
46	GB	Christian Watson	WR	17	6.01	11	1.30%	25%	190.1	185	226	289.7	34
47	LAC	Ladd McConkey	WR	17	4.09	7	-2.60%	42%	194.3	215	221	295.9	34
48	BAL	Lamar Jackson	QB	17	4.11	13	1.10%	42%	298.8	328	340	438.1	34
49	WAS	Terry McLaurin	WR	17	5.04	7	-2.40%	37%	194.9	215	219	291.2	33
50	NYG	Cameron Skattebo	RB	17	4.05	8	2.20%	72%	193.1	216	230	303.5	32
51	SF	Mike Evans	WR	17	5.11	8	-3.20%	65%	183.1	192	218	292.1	32
52	NE	Drake Maye	QB	17	5.09	11	-2.80%	35%	295.5	315	340	428	31
53	WAS	Jayden Daniels	QB	17	6.03	7	-0.40%	41%	287.7	315	334	434.8	30
54	CHI	D'Andre Swift	RB	17	5.08	10	-3.60%	42%	194.6	201	221	289.7	29
55	CIN	Joe Burrow	QB	17	5.1	6	3.20%	34%	289.9	311	337	421.3	29
56	PHI	Jalen Hurts	QB	17	6.07	10	8.80%	33%	288.1	313	331	430.5	29
57	GB	Tucker Kraft	TE	17	6.12	11	-3.30%	39%	168	188	200	260	29
58	HOU	David Montgomery	RB	17	5.02	8	2%	85%	180.8	193	210	298.6	28
59	TB	Bucky Irving	RB	17	4.08	10	-2.20%	63%	183.3	202	208	299.9	28
60	DET	Jameson Williams	WR	17	5.07	6	-1%	36%	184.9	189	210	279.5	28
61	CHI	Rome Odunze	WR	17	6.02	10	-2.50%	36%	179.4	187	206	290.8	28
62	BUF	D.J. Moore	WR	17	5.06	7	0.70%	54%	175.9	178	209	282.7	27
63	NE	TreVeyon Henderson	RB	17	4.12	11	-1.90%	64%	174	186	198	314.4	27
64	DET	Sam LaPorta	TE	17	7.11	6	-2%	60%	176.1	190	196	252.4	27
65	CLE	Harold Fannin Jr.	TE	17	6.06	11	3.40%	57%	177.4	192	197	248.3	27
66	JAC	Trevor Lawrence	QB	17	8.05	7	4.50%	34%	279.9	300	329	414.9	26
67	LAC	Justin Herbert	QB	17	8.02	7	-2.80%	36%	280.7	301	326	417.8	26
68	JAC	Parker Washington	WR	17	7.08	7	4%	0%	175.5	178	211	270.7	26
69	CLE	Quinshon Judkins	RB	17	5.01	11	0.60%	48%	181.9	202	200	287.8	26
70	SF	Brock Purdy	QB	17	9.1	8	-4%	36%	278	300	327	415.4	26
71	CHI	Caleb Williams	QB	17	7.05	10	-3.50%	20%	278.6	294	324	421.2	26
72	MIN	Kyler Murray	QB	17	11.06	6	4%	33%	273	281	325	419.3	25
73	DAL	Dak Prescott	QB	17	8.01	14	0.50%	34%	282.7	301	325	412.7	25
74	PIT	Jaylen Warren	RB	17	6.09	9	-2.10%	66%	163.7	183	202	274.9	25
75	NYG	Jaxson Dart	QB	17	8.09	8	4.80%	36%	277.1	300	319	417.3	24
76	JAC	Bhayshul Tuten	RB	17	5.12	7	0.90%	43%	156.9	180	182	304.6	24
77	PIT	D.K. Metcalf	WR	17	7.01	9	-2.60%	36%	174.2	188	207	263.4	24
78	NE	Rhamondre Stevenson	RB	17	7.07	11	-1.90%	64%	164.6	177	191	277.6	24
79	DEN	Bo Nix	QB	17	10.04	10	-3.70%	28%	280.9	290	312	412	23
80	TEN	Carnell Tate	WR	17	6.05	9	5%	40%	166.9	191	196	280.8	22
81	KC	Patrick Mahomes	QB	17	9.06	5	-3.20%	37%	277.7	292	309	416.6	22
82	PIT	Rico Dowdle	RB	17	8.03	9	-2.10%	27%	156.4	170	182	278.3	22
83	TEN	Tony Pollard	RB	17	7.04	9	2.90%	35%	159.3	175	181	273.4	22
84	ARI	Marvin Harrison Jr.	WR	17	6.11	14	-0.80%	55%	172.1	182	196	273.8	22
85	ATL	Kyle Pitts	TE	17	7.02	11	4.80%	53%	170.8	178	186	241.3	21
86	CAR	Chuba Hubbard	RB	17	7.06	5	-6%	36%	148.5	162	177	284.6	21
87	NO	Jordyn Tyson	WR	17	7.09	8	0.90%	45%	163.6	177	195	278.6	21
88	PIT	Michael Pittman Jr.	WR	17	8.12	9	-2.60%	60%	173.4	185	202	258.1	21
89	SEA	Jadarian Price	RB	17	6.04	11	5.60%	29%	144.1	176	170	298.4	21
90	DEN	Courtland Sutton	WR	17	7.03	10	-2.50%	43%	172.7	180	201	259	21
91	GB	Jayden Reed	WR	17	10.02	11	1.30%	36%	166.3	166	198	263.4	20
92	IND	Alec Pierce	WR	17	7.12	13	-0.80%	67%	168.3	179	196	266.2	20
93	MIN	Jordan Addison	WR	17	9.09	6	4.90%	37%	167.3	165	197	263.8	20
94	JAC	Brian Thomas Jr.	WR	17	6.08	7	4%	35%	164.5	171	189	281.7	20
95	DET	Jared Goff	QB	17	10.06	6	-0.90%	23%	278.4	281	303	402.5	20
96	DEN	J.K. Dobbins	RB	17	8.08	10	0.10%	39%	144.9	161	171	269.4	20
97	JAC	Jakobi Meyers	WR	17	9.02	7	4%	37%	168.6	170	194	261.6	19
98	SF	George Kittle	TE	15	9.05	8	-3.60%	44%	110.5	185	184	268.8	19
99	CAR	Jonathon Brooks	RB	17	9.08	5	-6%	35%	132.4	112	156	299	19
100	LAR	Matthew Stafford	QB	17	9.03	11	0%	39%	277.8	285	299	403.3	19
101	DEN	RJ Harvey	RB	17	6.1	10	0.10%	36%	136.7	150	165	271.8	19
102	NO	Tyler Shough	QB	17	11.1	8	0.50%	17%	270.7	269	297	407.5	19
103	GB	Jordan Love	QB	17	11.07	11	-0.30%	82%	278.4	275	296	402.8	18
104	LAC	Quentin Johnston	WR	17	9.01	7	-2.60%	56%	156.5	154	189	271.5	18
105	MIN	Jordan Mason	RB	17	10.03	6	-0.10%	39%	131.6	135	162	266.4	18
106	TB	Baker Mayfield	QB	17	11.03	10	-0.80%	37%	276.6	274	291	404.8	17
107	IND	Josh Downs	WR	17	10.01	13	-0.80%	61%	161.7	166	188	265.1	17
108	TB	Chris Godwin	WR	17	8.06	10	2.60%	40%	151.1	174	186	274.1	17
109	CHI	Kyle Monangai	RB	17	8.04	10	-3.60%	0%	137.4	150	151	264.2	16
110	TB	Kenneth Gainwell	RB	17	9.04	10	-2.20%	31%	134.2	153	151	265.4	16
111	WAS	Jacory Croskey-Merritt	RB	17	10.05	7	4.20%	30%	122.9	119	156	261.3	16
112	KC	Travis Kelce	TE	17	9.11	5	1.90%	42%	157.8	173	183	220.1	16
113	KC	Xavier Worthy	WR	17	11.01	5	-2.60%	35%	149.9	155	183	268.7	15
114	LAR	Blake Corum	RB	17	8.11	11	6.40%	33%	129.7	133	141	272	15
115	WAS	Rachaad White	RB	17	9.07	7	4.20%	39%	120.8	146	149	259.4	15
116	WAS	Stefon Diggs	WR	17	12.01	7	-2.40%	31%	150.4	177	179	273.9	15
117	DAL	Brandon Aubrey	K	17	15.04	14	-3.50%	8%	157.4	175	177	190.9	14
118	TEN	Tyjae Spears	RB	17	12.1	9	2.90%	37%	124.8	129	149	239.2	14
119	NE	Romeo Doubs	WR	17	10.1	11	-2.50%	37%	150.8	163	180	263.9	14
120	MIN	Aaron Jones	RB	17	10.08	6	-0.10%	65%	117	153	143	246.9	13
121	MIA	Malik Willis	QB	17	12.08	6	-2%	15%	265.2	265	273	407.3	13
122	IND	Daniel Jones	QB	17	16.01	13	1.60%	36%	258	256	277	402.3	13
123	PHI	Makai Lemon	WR	17	8.07	10	6.60%	33%	145	169	171	279.8	13
124	HOU	C.J. Stroud	QB	17	14.07	8	4.40%	29%	270.1	261	278	389.8	13
125	HOU	Jayden Higgins	WR	17	11.04	8	4.40%	23%	146.4	154	174	268.3	13
126	SEA	Zach Charbonnet	RB	8	11.08	11	5.60%	37%	99.1	76	127	269.4	12
127	SF	Deebo Samuel	WR	17	13.04	8	-3.20%	51%	139.3	142	172	266.5	11
128	HOU	Woody Marks	RB	17	11.09	8	2%	0%	112.8	104	125	240.6	11
129	LAC	Cameron Dicker	K	17	16.04	7	-3.10%	9%	151.3	170	170	181.9	11
130	CLE	KC Concepcion	WR	17	11.05	11	4.30%	29%	140.6	146	176	254.8	10
131	ARI	Michael Wilson	WR	17	7.1	14	-0.80%	42%	142.6	171	174	255.6	10
132	TEN	Wan'Dale Robinson	WR	17	8.1	9	5%	36%	153.3	159	172	251.4	10
133	GB	Matthew Golden	WR	17	11.02	11	1.30%	37%	147.2	152	162	276.7	10
134	CLE	Dylan Sampson	RB	17	14.04	11	0.60%	34%	110.6	91	127	228.9	10
135	DET	Isiah Pacheco	RB	17	13.07	6	0.90%	36%	106.4	97	120	245	10
136	TEN	Cameron Ward	QB	17	14.1	9	6.30%	39%	256.4	239	262	397.7	9
137	HOU	Houston Texans	DEF	17	22.11	8	-4%	0%	112.3	108	125	139.8	9
138	BUF	Khalil Shakir	WR	17	11.11	7	0.70%	35%	152.4	154	173	239.1	9
139	JAC	Chris Rodriguez	RB	17	12.04	7	0.90%	27%	98.4	107	107	254.5	9
140	NYG	Tyrone Tracy Jr.	RB	17	11.12	8	2.20%	34%	97.8	92	107	252.5	9
141	SEA	Sam Darnold	QB	17	14.11	11	0.40%	29%	258.1	252	261	391.1	8
142	NO	Alvin Kamara	RB	17	13.01	8	1.80%	39%	90.1	86	111	239	8
143	LAC	Keaton Mitchell	RB	17	13.09	7	0.60%	33%	92.1	75	107	246.3	8
144	BAL	Mark Andrews	TE	17	10.11	13	3.60%	36%	148.6	150	162	213.2	7
145	PIT	Aaron Rodgers	QB	17	19.06	9	-2.10%	53%	252.9	223	258	384.5	7
146	HOU	Ka'imi Fairbairn	K	17	18.01	8	0.60%	0%	148.6	165	160	177.4	7
147	BUF	Dalton Kincaid	TE	17	10.09	7	-1.40%	62%	148.3	158	159	215.3	7
148	DAL	Jake Ferguson	TE	17	9.12	14	-2.50%	55%	154.8	164	165	199.3	7
149	DEN	Denver Broncos	DEF	17	41.1	10	6.20%	0%	104.7	106	122	133.9	7
150	PHI	Dallas Goedert	TE	17	10.12	10	7.10%	83%	147.3	159	162	208.8	6
151	SEA	Seattle Seahawks	DEF	17	12.11	11	-4.20%	0%	102.2	101	120	132.2	6
152	SEA	Rashid Shaheed	WR	17	12.05	11	-0.10%	38%	136.7	135	159	252.7	5
153	ARI	Tyler Allgeier	RB	17	12.03	14	0.10%	23%	87.4	84	104	212.2	5
154	CAR	Bryce Young	QB	17	16.07	5	-0.80%	32%	244.1	238	247	394.6	5
155	DAL	Jaydon Blue	RB	17	19.01	14	2.90%	22%	75	37	88	246.2	5
156	BAL	Tyler Loop	K	17	20.06	13	-1.60%	0%	143.8	150	153	179	5
157	ATL	Brian Robinson Jr.	RB	17	13.05	11	-3.20%	36%	85.3	90	100	212.7	5
158	GB	Green Bay Packers	DEF	17	20.08	11	-2.20%	0%	104.5	79	114	136.3	5
159	GB	MarShawn Lloyd	RB	17	37.09	11	-2.20%	72%	71.6	46	89	241.6	5
160	BAL	Baltimore Ravens	DEF	17	18.07	13	13.10%	0%	105.7	92	114	134.2	4
161	CHI	Cairo Santos	K	17	20.12	10	-1.10%	0%	143.8	146	153	176	4
162	SF	Eddy Pineiro	K	17	19.09	8	2%	0%	145.4	145	153	174.4	4
163	JAC	Cam Little	K	17	18.09	7	-0.70%	0%	145.2	146	151	178.5	4
164	JAC	Brenton Strange	TE	17	12.09	7	2.50%	48%	141.8	149	159	203.9	4
165	TB	Jalen McMillan	WR	17	14.01	10	2.60%	39%	130.2	117	153	260.4	4
166	PIT	Pittsburgh Steelers	DEF	17	16.06	9	12.20%	0%	104.4	101	112	132.5	4
167	MIN	Minnesota Vikings	DEF	17	14.12	6	-12.40%	0%	103.6	95	111	133.7	4
168	LVR	Fernando Mendoza	QB	13	17.02	13	-6.20%	23%	235.7	244	240	396.8	3
169	GB	Trey Smack	K	17	25.03	11	0.60%	0%	144.4	161	150	176	3
170	CAR	Jalen Coker	WR	17	12.02	5	-1.30%	18%	136.1	144	150	258.8	3
171	NE	New England Patriots	DEF	17	16.11	11	0.20%	0%	99.4	95	114	129.2	3
172	ARI	Jacoby Brissett	QB	13	17.1	14	-1.20%	10%	234.5	256	247	382.6	3
173	DET	Jake Bates	K	17	19.1	6	4.20%	8%	146.6	154	150	175	3
174	DEN	Jonah Coleman	RB	17	13.08	10	0.10%	0%	70.4	50	78	242.4	3
175	LAR	Harrison Mevis	K	17	18.12	11	0.70%	0%	145.1	157	150	175	3
176	BAL	Justice Hill	RB	17	28.06	13	-0.10%	32%	86.1	88	96	191.4	3
177	NYJ	Geno Smith	QB	16	38.07	13	-4.40%	36%	231.4	238	241	390.6	3
178	NYJ	Omar Cooper Jr.	WR	17	14.03	13	-1%	38%	127.9	122	147	263.2	2
179	NYG	Isaiah Likely	TE	17	10.07	8	3.20%	73%	141.7	151	152	202.7	2
180	PHI	Philadelphia Eagles	DEF	17	17.07	10	-14.50%	0%	101	89	106	137.1	2
181	NE	Hunter Henry	TE	17	13.03	11	-3.50%	47%	142.6	146	153	199.3	2
182	CLE	Denzel Boston	WR	17	13.12	11	4.30%	42%	126.4	126	145	261.5	2
183	KC	Emmett Johnson	RB	17	15.02	5	0.60%	18%	63.6	34	78	221.1	1
184	LAR	Los Angeles Rams	DEF	17	13.06	11	-5%	0%	101.7	104	107	131.6	1
185	DEN	Wil Lutz	K	17	22.09	10	-3.50%	0%	144.9	145	148	171.6	1
186	TEN	Nicholas Singleton	RB	17	16.12	9	2.90%	19%	55.2	34	65	240.3	1
187	KC	Harrison Butker	K	17	20.09	5	0.10%	0%	145	145	148	170.2	0
188	DET	Detroit Lions	DEF	17	17.01	6	10.70%	0%	98.6	94	106	133.6	0
189	NYJ	Kenyon Sadiq	TE	17	12.12	13	-1.50%	24%	131.6	144	148	208.5	0
190	NYJ	Adonai Mitchell	WR	17	15.1	13	-1%	28%	125.8	111	140	262.7	0
191	NO	Juwan Johnson	TE	17	12.07	8	-0.10%	45%	138.3	145	152	194.5	0
192	NO	Charlie Smyth	K	17	25.08	8	4.40%	0%	143.5	140	148	170.1	0
193	NYG	New York Giants	DEF	17	21.05	8	-7.90%	0%	99.1	79	107	131.1	0
194	LAC	Los Angeles Chargers	DEF	17	16.03	7	0.40%	0%	99.7	92	106	131.6	0
195	NYJ	Braelon Allen	RB	17	15.07	13	-2.50%	42%	67.5	74	71	209.6	0
196	ARI	James Conner	RB	17	15.09	14	0.10%	34%	71.8	51	87	173.1	0
197	LVR	Tre Tucker	WR	17	15.01	13	-5%	0%	126.7	121	149	240	0
198	LVR	Mike Washington Jr.	RB	17	17.04	13	-3.10%	21%	59.2	58	70	211.4	0
199	JAC	Jacksonville Jaguars	DEF	17	15.06	7	-2.70%	0%	98.7	94	107	127.7	-1
200	UNS	Keenan Allen	WR	17	23.01	18	-	49%	114.5	95	153	236.6	-1
201	WAS	Kaytron Allen	RB	17	17.12	7	4.20%	24%	57.6	38	65	209.4	-1
202	TB	Sean Tucker	RB	17	18.03	10	-2.20%	20%	63.3	57	69	196.2	-1
203	CHI	Chicago Bears	DEF	17	20.1	10	-4.80%	0%	98.2	82	105	130.6	-1
204	BUF	Buffalo Bills	DEF	17	21.03	7	0.40%	0%	98.5	89	106	127.1	-2
205	WAS	Chigoziem Okonkwo	TE	17	13.02	7	-3%	22%	134.7	134	143	203.5	-2
206	NYJ	Isaiah Davis	RB	17	50.09	13	-2.50%	0%	70.1	49	74	173.4	-2
207	CIN	Samaje Perine	RB	17	35.12	6	-4%	36%	73.1	84	86	146.2	-2
208	NE	Andres Borregales	K	17	19.07	11	0.20%	0%	141.8	137	146	168.1	-2
209	BUF	Ty Johnson	RB	17	31.04	7	-4.20%	29%	69.9	75	82	152.2	-2
210	CLE	Cleveland Browns	DEF	17	22.01	11	8%	0%	95.4	71	103	133.4	-2
211	ARI	Trey Benson	RB	17	22.07	14	0.10%	25%	60.5	27	70	179.5	-2
212	SF	De'Zhaun Stribling	WR	17	14.09	8	-3.20%	0%	115.4	60	131	268.9	-2
213	SEA	Jason Myers	K	17	17.08	11	1%	0%	142.6	164	146	167.3	-3
214	HOU	Dalton Schultz	TE	17	14.05	8	0.50%	57%	138	129	148	184	-3
215	SEA	George Holani	RB	17	38.03	11	5.60%	0%	56.5	37	71	172.9	-3
216	MIN	T.J. Hockenson	TE	17	13.1	6	2%	51%	133.9	140	147	188.4	-3
217	PIT	Chris Boswell	K	17	19.11	9	-2.90%	0%	141.3	140	144	168.7	-3
218	KC	Kansas City Chiefs	DEF	17	20.05	5	2.10%	0%	96.4	88	106	122.8	-3
219	JAC	LeQuint Allen	RB	17	42.11	7	0.90%	21%	64.6	36	70	161.5	-3
220	TB	Chase McLaughlin	K	17	21.04	10	5%	0%	140.2	158	145	167.6	-4
221	MIN	Jauan Jennings	WR	17	13.11	6	4.90%	33%	116.5	118	132	258.1	-4
222	TB	Tampa Bay Buccaneers	DEF	17	21.01	10	5.50%	0%	96.5	77	102	129	-4
223	PHI	Tank Bigsby	RB	17	14.06	10	4.40%	22%	51.4	59	54	194.6	-4
224	KC	Brashard Smith	RB	17	25.11	5	0.60%	22%	57.7	66	70	154.7	-4
225	CLE	Jerry Jeudy	WR	17	14.08	11	4.30%	32%	117.1	109	136	245.1	-4
226	TEN	Calvin Ridley	WR	17	16.1	9	5%	48%	116.1	106	140	237.8	-4
227	UNS	Najee Harris	RB	17	26.01	18	-	39%	41.3	53	69	165.2	-4
228	MIN	Will Reichard	K	17	18.08	6	1%	0%	139.9	141	143	168.5	-4
229	PIT	Germie Bernard	WR	17	20.02	9	-2.60%	37%	114.7	99	135	245.7	-5
230	SF	San Francisco 49ers	DEF	17	19.03	8	1.70%	0%	95	79	102	125.7	-5
231	LVR	Jalen Nailor	WR	17	14.02	13	-5%	0%	116.8	110	136	241.8	-5
232	LAC	Oronde Gadsden II	TE	17	12.06	7	-2.60%	0%	127.5	127	133	209.8	-5
233	UNS	Kareem Hunt	RB	17	41.05	18	-	36%	44.7	24	64	159.8	-5
234	SEA	Emanuel Wilson	RB	17	18.1	11	5.60%	0%	46.2	46	58	167.5	-5
235	SF	Kaelon Black	RB	17	34.05	8	0.70%	0%	47.3	45	53	176	-5
236	ATL	Tua Tagovailoa	QB	8	21.11	11	1.70%	27%	203.3	108	210	394	-5
237	ATL	Michael Penix Jr.	QB	9	22.04	11	1.70%	39%	208.3	144	213	384.6	-6
238	BUF	Tyler Bass	K	17	23.09	7	-1.60%	0%	138.5	141	143	164.2	-6
239	IND	Indianapolis Colts	DEF	17	20.03	13	10.20%	0%	93.9	79	99	128.4	-6
240	MIA	Jaylen Wright	RB	17	20.01	6	0.80%	23%	44.1	47	52	168.5	-6
241	PHI	Jake Elliott	K	17	20.11	10	-0.90%	0%	138.7	136	143	163	-6
242	WAS	Jake Moody	K	17	36.04	7	-1.40%	0%	138.1	142	141	167.7	-6
243	UNS	Nick Chubb	RB	17	37.01	18	-	28%	36.4	28	56	162.2	-6
244	NO	Kendre Miller	RB	17	24.12	8	1.80%	33%	39.6	28	49	173.1	-6
245	MIN	Demond Claiborne	RB	17	19.12	6	-0.10%	0%	39.5	16	46	176.7	-6
246	GB	Christopher Brooks	RB	17	50.06	11	-2.20%	0%	48.4	52	54	153.3	-7
247	SF	Jordan James	RB	17	37.06	8	0.70%	0%	41.1	53	47	170.6	-7
248	TEN	Tennessee Titans	DEF	17	23.02	9	-0.20%	0%	93	67	97	127.9	-7
249	NO	New Orleans Saints	DEF	17	43.09	8	13.30%	0%	92.8	72	97	128.6	-7
250	UNS	Antonio Gibson	RB	17	35.05	18	-	31%	39.8	4	61	134.6	-7
251	LAC	Kimani Vidal	RB	17	16.05	7	0.60%	0%	53.8	49	58	128.7	-7
252	MIA	Ollie Gordon II	RB	17	43.07	6	0.80%	0%	41.5	25	44	166	-7
253	CAR	Ryan Fitzgerald	K	17	36.09	5	3.20%	0%	135.5	128	141	163.7	-8
254	DAL	Phil Mafah	RB	17	49.12	14	2.90%	0%	39.3	34	44	161.3	-8
255	NYG	Devin Singletary	RB	17	30.07	8	2.20%	29%	44.2	29	49	147.4	-8
256	BAL	Adam Randall	RB	17	52.05	13	-0.10%	0%	36.8	25	43	160.4	-8
257	CIN	Cincinnati Bengals	DEF	17	47.05	6	4.20%	0%	90.5	74	96	127.1	-8
258	CLE	Deshaun Watson	QB	7	34.11	11	5.40%	29%	171.4	77	212	381	-9
259	TB	Cade Otton	TE	17	15.08	10	-2.80%	64%	129.4	114	135	179.3	-9
260	BAL	Rashod Bateman	WR	17	23.03	13	-0.30%	33%	105.8	99	120	252.4	-9
261	UNS	Austin Ekeler	RB	17	33.04	18	-	36%	38.1	33	51	132.2	-9
262	NYJ	New York Jets	DEF	17	25.05	13	11.10%	0%	90.6	65	96	124.4	-9
263	SF	Kyle Juszczyk	RB	17	53.05	8	0.70%	0%	50.2	35	56	111.5	-9
264	IND	DJ Giddens	RB	17	39.06	13	1.70%	17%	38.7	46	43	146.2	-9
265	LAC	Tre Harris	WR	17	16.02	7	-2.60%	42%	103.2	88	116	260.9	-9
266	LVR	Las Vegas Raiders	DEF	17	23.08	13	7%	0%	91.5	64	95	124.8	-9
267	DAL	Dallas Cowboys	DEF	17	19.04	14	-12.80%	0%	91	78	95	126.1	-9
268	DAL	Malik Davis	RB	17	31.09	14	2.90%	0%	35	36	39	151.8	-9
269	PIT	Kaleb Johnson	RB	17	24.03	9	-2.10%	19%	32	19	36	149.2	-10
270	SEA	AJ Barner	TE	17	15.03	11	-0.10%	28%	122.7	108	128	190.5	-10
271	WAS	Jerome Ford	RB	17	29.11	7	4.20%	44%	34.7	39	42	133.8	-10
272	PIT	Pat Freiermuth	TE	17	22.12	9	3%	39%	118.3	126	130	188.6	-10
273	WAS	Jeremy McNichols	RB	17	57.07	7	4.20%	0%	40.1	21	45	122.5	-10
274	UNS	Alexander Mattison	RB	17	49.1	18	-	27%	39.3		46	115.6	-10
275	CLE	Shedeur Sanders	QB	8	20.04	11	5.40%	34%	173.2	145	204	377.1	-10
276	UNS	Miles Sanders	RB	17	38.09	18	-	35%	40.5	47	46	113.8	-10
277	CIN	Evan McPherson	K	17	21.02	6	0.70%	0%	134.5	148	136	165.8	-10
278	ARI	Carson Beck	QB	4	40.12	14	-1.20%	29%	170.7	15	194	397.6	-11
279	BUF	Ray Davis	RB	17	17.11	7	-4.20%	24%	33.9	51	45	117.6	-11
280	NYG	Ben Sauls	K	17	22.1	8	0.20%	0%	131.2	47	138	163	-11
281	SEA	Cooper Kupp	WR	17	19.08	11	-0.10%	36%	104	90	120	239	-11
282	TEN	Gunnar Helm	TE	17	18.05	9	4.10%	0%	118.9	118	128	185.4	-11
283	IND	Seth McGowan	RB	17	50.11	13	1.70%	0%	28.5	27	33	134	-11
284	LVR	Kirk Cousins	QB	4	43.06	13	-6.20%	19%	187.7	35	192	383.1	-11
285	HOU	Jaylin Noel	WR	17	23.06	8	4.40%	19%	96	90	120	241.2	-11
286	NE	Kayshon Boutte	WR	17	15.05	11	-2.50%	0%	99.8	77	115	246.7	-12
287	KC	Emari Demercado	RB	17	50.1	5	0.60%	23%	33.9	44	40	111.8	-12
288	DAL	Ryan Flournoy	WR	17	17.06	14	-0.70%	33%	100.3	103	115	244.4	-12
289	SF	Isaac Guerendo	RB	17	55.01	8	0.70%	33%	26.2	24	30	133.9	-12
290	ATL	Nick Folk	K	17	24.06	11	1.80%	0%	133.1	140	136	161.6	-12
291	LAR	Jarquez Hunter	RB	17	32.01	11	6.40%	0%	24.4	10	29	135	-12
292	LAR	Terrance Ferguson	TE	17	17.05	11	-2.20%	0%	102.3	92	119	208.3	-12
293	ATL	Atlanta Falcons	DEF	17	21.1	11	6.60%	0%	88.8	88	92	123.5	-12
294	PIT	Eli Heidenreich	RB	17	47.04	9	-2.10%	0%	31.2	10	37	110.2	-12
295	ARI	Arizona Cardinals	DEF	17	25.07	14	-6.10%	0%	86.8	72	93	120.4	-12
296	CAR	Carolina Panthers	DEF	17	23.04	5	3.40%	0%	89	72	91	123.5	-12
297	ATL	Zachariah Branch	WR	17	17.09	11	0.40%	20%	96.9	85	113	245.7	-13
298	WAS	Washington Commanders	DEF	17	24.01	7	-3.70%	0%	88.4	74	91	123	-13
299	CAR	Trevor Etienne	RB	17	53.11	5	-6%	18%	34.9	22	39	93	-13
300	NO	Ty Chandler	RB	17	28.01	8	1.80%	17%	30.4	12	38	95	-13
301	NO	Devin Neal	RB	17	26.04	8	1.80%	0%	31.8	32	38	94.8	-13
302	NYG	Darius Slayton	WR	17	36.08	8	3.70%	39%	99.8	83	116	228.6	-14
303	JAC	Travis Hunter	WR	17	15.11	7	4%	44%	86.8	96	94	279.3	-14
304	MIA	Miami Dolphins	DEF	17	25.1	6	-0.50%	0%	86.9	63	90	121	-14
305	TEN	Joey Slye	K	17	27.05	9	1.60%	0%	130.3	126	134	158.5	-14
306	CLE	Raheim Sanders	RB	17	48.1	11	0.60%	0%	19.6	21	22	111.1	-14
307	NO	Audric Estime	RB	17	32.02	8	1.80%	14%	26.8	23	30	88.2	-15
308	NE	Jamarion Miller	RB	17	46.06	11	-1.90%	0%	21.5	11	24	101.6	-15
309	PHI	Will Shipley	RB	17	56.02	10	4.40%	19%	33.1	24	35	69.7	-15
310	CHI	Roschon Johnson	RB	17	52.08	10	-3.60%	18%	17.9	27	20	109.4	-15
311	UNS	Brandon Aiyuk	WR	17	18.02	18	-	33%	45.9	56	115	258.3	-15
312	CIN	Tahj Brooks	RB	17	60.03	6	-4%	0%	18.7	28	21	103.7	-15
313	DEN	Pat Bryant	WR	17	24.09	10	-2.50%	65%	94.1	68	107	240.6	-15
314	TEN	Michael Carter	RB	17	38.06	9	2.90%	19%	28.4	5	33	71.8	-15
315	ATL	Tyler Goodson	RB	17	30.06	11	-3.20%	0%	17.8	21	20	101.2	-15
316	JAC	J'Mari Taylor	RB	17	49.08	7	0.90%	0%	17.7	31	22	92.8	-16
317	KC	Jaydn Ott	RB	17	68.04	5	0.60%	0%	16.5	11	21	97.1	-16
318	NE	Lan Larison	RB	17		11	-1.90%	0%	18.9	26	24	82.7	-16
319	LVR	Roman Hemby	RB	17	76.09	13	-3.10%	0%	16.6	21	21	88.1	-16
320	LVR	Matt Gay	K	17	23.05	13	-0.30%	0%	129.9	151	133	155.1	-16
321	HOU	Jawhar Jordan	RB	17	54.12	8	2%	0%	21.7	35	24	72.4	-17
322	DEN	Tyler Badie	RB	17	28.08	10	0.10%	0%	19.9	8	22	77.4	-17
323	WAS	Robert Henry Jr.	RB	17	76.1	7	4.20%	0%	14	21	20	86.8	-17
324	PHI	Dontayvion Wicks	WR	17	21.07	10	6.60%	35%	90	54	102	240.2	-17
325	HOU	Noah Whittington	RB	17	70.01	8	2%	0%	15.8		20	77.9	-17
326	NYG	Darnell Mooney	WR	17	18.04	8	3.70%	55%	96.6	67	105	228.9	-17
327	NYJ	Cade York	K	17	24.02	13	-1.20%	0%	129.4	44	132	154.4	-17
328	CLE	Andre Szmyt	K	17	24.11	11	4.50%	0%	127.7	124	132	155.4	-17
329	TEN	Kalel Mullings	RB	17	63.01	9	2.90%	0%	13.9	6	16	73.4	-18
330	UNS	Tyreek Hill	WR	5	19.05	18	-	42%	42.3	94	121	227.3	-18
331	NO	Devaughn Vele	WR	17	30.04	8	0.90%	0%	97.2	80	113	203.5	-18
332	BUF	Desmond Reid	RB	17	69.03	7	-4.20%	0%	12.7	25	14	69.8	-18
333	BAL	Rasheen Ali	RB	17	56.05	13	-0.10%	0%	14.7	49	16	60.4	-19
334	DEN	Jaleel McLaughlin	RB	17	54.02	10	0.10%	17%	16	11	17	50.5	-19
335	NO	CJ Donaldson	RB	17	78.04	8	1.80%	0%	10.6	15	12	64.5	-19
336	KC	Tyquan Thornton	WR	17	28.04	5	-2.60%	14%	86.3	87	100	230.7	-19
337	MIA	Greg Dulcich	TE	17	21.12	6	-3.20%	22%	99	120	110	181.5	-20
338	CIN	Jamal Haynes	RB	17	73.08	6	-4%	0%	9	10	11	58	-20
339	NYJ	Chip Trayanum	RB	17	50.04	13	-2.50%	0%	9.3	5	10	51.9	-20
340	BUF	Keon Coleman	WR	17	22.02	7	0.70%	24%	81.6	42	96	230.5	-21
341	LAR	Colby Parkinson	TE	17	18.11	11	-2.20%	0%	93.5	97	105	186	-21
342	BAL	Ja'Kobi Lane	WR	17	21.09	13	-0.30%	0%	77.5	75	92	240	-21
343	DEN	Evan Engram	TE	17	34.12	10	-1%	39%	98.1	86	107	179.1	-21
344	LAC	Jaret Patterson	RB	17	32.03	7	0.60%	15%	7.9	13	9	40.5	-21
345	MIA	Zane Gonzalez	K	17	46.03	6	1.60%	0%	125.8	117	127	152.5	-21
346	CIN	Mike Gesicki	TE	17	33.08	6	3.50%	42%	92.2	90	108	174.6	-22
347	ARI	Kendrick Bourne	WR	17	42.06	14	-0.80%	25%	80.1	66	100	210.3	-23
348	DET	Isaac TeSlaa	WR	17	16.08	6	-1%	0%	81.8	96	93	218.5	-23
349	CAR	Xavier Legette	WR	17	45.06	5	-1.30%	35%	81.1	61	85	230.4	-24
350	HOU	Nathaniel Dell	WR	17	17.03	8	4.40%	17%	59	70	84	246.2	-24
351	LAC	David Njoku	TE	17	16.09	7	-2.60%	81%	88.1	100	96	185.7	-24
352	BAL	Elijah Sarratt	WR	17	23.1	13	-0.30%	40%	75	67	83	233.2	-25
353	PIT	Darnell Washington	TE	17	25.12	9	3%	34%	85.3	101	97	183.1	-25
354	BUF	Joshua Palmer	WR	17	27.11	7	0.70%	42%	81.5	55	89	212.6	-25
355	DEN	Troy Franklin	WR	17	18.06	10	-2.50%	36%	77.6	94	86	217.2	-26
356	MIA	Malik Washington	WR	17	36.06	6	-1.20%	0%	88.2	92	96	187	-26
357	LVR	Michael Mayer	TE	17	27.02	13	-1%	36%	81.1	78	92	184.3	-27
358	ATL	Jahan Dotson	WR	17	28.12	11	0.40%	25%	79.4	65	92	193.9	-27
359	DEN	Marvin Mims Jr.	WR	17	25.06	10	-2.50%	41%	79.7	69	95	185	-28
360	MIA	Chris Bell	WR	15	22.06	6	-1.20%	36%	63.5	108	75	235.2	-28
361	CIN	Andrei Iosivas	WR	17	47.07	6	4%	8%	78.6	79	87	196.6	-28
362	LVR	Jack Bech	WR	17	24.07	13	-5%	29%	66.6	87	78	217.9	-29
363	LVR	Malik Benson	WR	17	47.08	13	-5%	0%	62.1	16	73	219.3	-31
364	PHI	Marquise Brown	WR	17	32.07	10	6.60%	19%	66.2	51	72	215.7	-31
365	UNS	Darren Waller	TE	17	46.09	18	-	54%	55.1	86	92	172.6	-31
366	DAL	KaVontae Turpin	WR	17	26.08	14	-0.70%	0%	84.3	76	95	155.3	-31
367	WAS	Antonio Williams	WR	17	15.12	7	-2.40%	52%	65.3	102	78	202	-31
368	LAC	Charlie Kolar	TE	17	29.01	7	-2.60%	14%	70.9	38	81	181.3	-32
369	MIA	Jalen Tolbert	WR	17	26.1	6	-1.20%	0%	70.4	62	78	195.5	-32
370	TEN	Elic Ayomanor	WR	17	22.05	9	5%	7%	64.9	56	74	206.6	-32
371	MIA	Caleb Douglas	WR	17	41.11	6	-1.20%	0%	66.7	64	74	203.8	-32
372	MIA	Tutu Atwell	WR	17	31.01	6	-1.20%	15%	66.2	41	74	202.4	-32
373	PHI	Eli Stowers	TE	17	20.07	10	7.10%	24%	61.2	45	77	189.7	-33
374	TB	Ted Hurst	WR	17	21.08	10	2.60%	0%	62	55	73	204.2	-33
375	UNS	Curtis Samuel	WR	17	62.09	18	-	36%	65.4	5	82	175.8	-34
376	UNS	DeAndre Hopkins	WR	17	60.11	18	-	28%	66	3	82	173.1	-34
377	UNS	Jonnu Smith	TE	17	42.02	18	-	29%	58.8	62	84	168	-34
378	SEA	Elijah Arroyo	TE	17	43.11	11	-0.10%	48%	66.9	52	73	181.9	-35
379	SEA	Tory Horton	WR	17	22.08	11	-0.10%	46%	66.2	64	77	177.1	-35
380	IND	Ashton Dulin	WR	17	32.04	13	-0.80%	0%	56.3	51	70	197.1	-35
381	CHI	Zavion Thomas	WR	17	46.08	10	-2.50%	0%	58.2	41	69	198.7	-35
382	CIN	Erick All	TE	17	52.02	6	3.50%	0%	63.4	18	75	173.6	-35
383	CLE	Isaiah Bond	WR	17	44.04	11	4.30%	12%	58.9	42	65	199.5	-36
384	ATL	Olamide Zaccheaus	WR	17	43.12	11	0.40%	7%	66.1	66	77	166	-37
385	NYG	Calvin Austin III	WR	17	30.1	8	3.70%	27%	69.8	29	73	161.6	-38
386	NYG	Malachi Fields	WR	17	21.06	8	3.70%	19%	51.9	62	61	198.3	-38
387	UNS	Sterling Shepard	WR	17	65.07	18	-	26%	60.1	1	71	169.7	-38
388	KC	Jalen Royals	WR	17	54.08	5	-2.60%	28%	47.6	47	54	211.1	-38
389	NO	Bryce Lance	WR	17	47.09	8	0.90%	0%	52.6	23	58	195.9	-39
390	NYJ	Mason Taylor	TE	17	24.08	13	-1.50%	39%	65.9	105	69	162.6	-39
391	NE	Kyle Williams	WR	17	30.02	11	-2.50%	6%	50.3	30	56	201.3	-39
392	SF	Christian Kirk	WR	17	22.03	8	-3.20%	35%	58	71	66	171.5	-40
393	KC	Cyrus Allen	WR	17	38.11	5	-2.60%	0%	41.9	20	52	209.6	-40
394	ARI	Chad Ryland	K	13	26.06	14	1.90%	0%	103.4	135	107	147.1	-40
395	WAS	Treylon Burks	WR	17	29.07	7	-2.40%	29%	51.8	51	56	191.3	-40
396	CAR	Ja'Tavion Sanders	TE	17	53.12	5	0.30%	31%	62.8	56	67	160.3	-40
397	LAC	Brenen Thompson	WR	17	46.11	7	-2.60%	0%	52.3	34	58	186	-40
398	CHI	Kalif Raymond	WR	17	40.04	10	-2.50%	7%	63.3	45	69	154.9	-41
399	PIT	Roman Wilson	WR	17	51.06	9	-2.60%	7%	51.9	39	58	184.4	-41
400	UNS	Noah Brown	WR	17	51.05	18	-	0%	59.4	22	70	153.7	-41
401	BUF	Dawson Knox	TE	17	34.06	7	-1.40%	21%	63.5	73	67	153.7	-41
402	LAR	Jordan Whittington	WR	17	50.12	11	-3.10%	0%	53.8	44	57	181.2	-41
403	WAS	Luke McCaffrey	WR	17	56.03	7	-2.40%	13%	60.2	48	63	160.4	-42
404	NE	Mack Hollins	WR	17	37.07	11	-2.50%	22%	55.8	56	62	164.4	-42
405	CHI	Cole Kmet	TE	17	30.08	10	-3.60%	35%	61.5	77	65	152.2	-42
406	IND	Nick Westbrook-Ikhine	WR	17	35.06	13	-0.80%	0%	50.7	48	58	172.9	-43
407	TEN	Chimere Dike	WR	17	25.02	9	5%	0%	52.2	65	57	168.6	-43
408	KC	Noah Gray	TE	17	29.12	5	1.90%	0%	63.6	56	64	139.9	-44
409	LAR	Max Klare	TE	17	26.03	11	-2.20%	0%	49.5	56	56	163.2	-45
410	CAR	Jimmy Horn Jr.	WR	17	48.05	5	-1.30%	0%	50.1	23	53	168.6	-45
411	NO	Noah Fant	TE	17	34.07	8	-0.10%	29%	54.3	55	59	153.4	-45
412	WAS	Jaylin Lane	WR	17	52.12	7	-2.40%	0%	55.8	43	62	142.7	-45
413	WAS	Dyami Brown	WR	17	31.02	7	-2.40%	36%	47.8	45	56	161.2	-45
414	UNS	Hunter Renfrow	WR	17	54.1	18	-	18%	45.2		56	158	-45
415	GB	Savion Williams	WR	17	59.01	11	1.30%	0%	54	33	60	144	-46
416	NE	Demario Douglas	WR	17	26.05	11	-2.50%	15%	45.1	46	47	175.5	-46
417	SF	Demarcus Robinson	WR	17	41.12	8	-3.20%	0%	45.5	33	54	160.7	-46
418	TB	Tez Johnson	WR	17	50.08	10	2.60%	0%	41.9	48	44	183.5	-46
419	NYG	Theo Johnson	TE	17	24.1	8	3.20%	23%	54.9	64	58	146	-46
420	BUF	Skyler Bell	WR	17	41.02	7	0.70%	0%	41.4	46	45	175.7	-46
421	BAL	Devontez Walker	WR	17	44.07	13	-0.30%	8%	35.9	48	41	183.6	-47
422	LAR	Tyler Higbee	TE	17	42.03	11	-2.20%	34%	49.3	61	55	150.5	-47
423	CAR	Mitchell Evans	TE	17	48.08	5	0.30%	0%	50.3	41	54	149.9	-47
424	NE	Eli Raridon	TE	17	46.12	11	-3.50%	0%	43.5	16	51	158.6	-48
425	HOU	Xavier Hutchinson	WR	17	54.11	8	4.40%	0%	42.6	44	44	165.4	-48
426	NO	Oscar Delp	TE	17	42.04	8	-0.10%	0%	42.8	22	50	156	-48
427	ATL	Austin Hooper	TE	17	46.1	11	4.80%	16%	52.9	58	57	132.2	-49
428	CLE	Cedric Tillman	WR	17	52.11	11	4.30%	34%	37.4	23	41	170.6	-49
429	CHI	Jahdae Walker	WR	17	45.12	10	-2.50%	0%	35.5	30	39	169.6	-49
430	DEN	Justin Joly	TE	17	50.07	10	-1%	0%	39.2	25	46	158.9	-50
431	HOU	Cade Stover	TE	17	61.08	8	0.50%	36%	42.2	19	47	140.8	-52
432	CAR	John Metchie	WR	17	26.07	5	-1.30%	13%	38.4	44	40	150.5	-52
433	LVR	Dont'e Thornton Jr.	WR	17	54.03	13	-5%	0%	33.2	29	37	158.6	-52
434	JAC	Nate Boerkircher	TE	17	57.02	7	2.50%	0%	38.9	17	46	144	-52
435	CAR	Tommy Tremble	TE	17	29.06	5	0.30%	0%	40.4	46	45	144.5	-52
436	ARI	Elijah Higgins	TE	17	52.09	14	-3.60%	0%	45.3	41	48	133.5	-52
437	ARI	Reggie Virgil	WR	17	63.07	14	-0.80%	0%	33.9	7	39	149.9	-52
438	WAS	Ben Sinnott	TE	17	52.01	7	-3%	20%	37.8	30	42	147	-53
439	UNS	Will Dissly	TE	17	55.02	18	-	8%	42.2	27	45	136.2	-53
440	CIN	Colbie Young	WR	17	46.04	6	4%	0%	31.8	29	37	149.6	-53
441	GB	Luke Musgrave	TE	17	28.02	11	-3.30%	16%	34.5	46	38	147.6	-54
442	TEN	Daniel Bellinger	TE	17	31.07	9	4.10%	28%	41.1	27	45	129.7	-54
443	DET	Greg Dortch	WR	17	33.11	6	-1%	18%	44.1	46	47	111.5	-55
444	NYG	JuJu Smith-Schuster	WR	17	55.12	8	3.70%	56%	28.6	32	38	139	-55
445	RK	Eric McAlister	WR	17	81.05	18	-	12%	27.2	30	30	151.3	-55
446	MIN	Tai Felton	WR	17	58.03	6	4.90%	0%	38.6	22	41	121.8	-56
447	CAR	David Moore	WR	17	55.05	5	-1.30%	0%	34.9	2	37	132.2	-56
448	MIA	Kevin Coleman Jr.	WR	17	40.09	6	-1.20%	0%	30.1	19	33	140.7	-56
449	DAL	Marquez Valdes-Scantling	WR	17	53.04	14	-0.70%	17%	28.8	20	38	130.6	-56
450	SF	Jake Tonges	TE	17	19.02	8	-3.60%	0%	40.2	64	46	116.6	-56
451	SF	Jordan Watkins	WR	17	57.12	8	-3.20%	0%	26.9	5	30	143.6	-57
452	NYG	Odell Beckham Jr.	WR	17	42.12	8	3.70%	30%	25.6	28	32	137.4	-57
453	JAC	Tanner Koziol	TE	17	62.06	7	2.50%	0%	29	33	34	140.1	-57
454	DAL	Jonathan Mingo	WR	17	57.03	14	-0.70%	18%	29.3	28	34	127.9	-57
455	LAC	KeAndre Lambert-Smith	WR	17	64.08	7	-2.60%	0%	29.1	18	32	129.2	-58
456	NO	Barion Brown	WR	17	61.07	8	0.90%	0%	33.2	30	37	114.4	-58
457	NYJ	Arian Smith	WR	17	54.07	13	-1%	6%	24.9	7	28	138.6	-58
458	WAS	Van Jefferson	WR	17	41.09	7	-2.40%	22%	33	33	37	113.8	-58
459	CHI	Sam Roush	TE	17	45.08	10	-3.60%	0%	34.2	11	38	121	-58
460	CIN	Tanner Hudson	TE	17	51.01	6	3.50%	0%	34.3	43	38	121.9	-58
461	BUF	Jackson Hawes	TE	17	60.09	7	-1.40%	0%	26	37	29	144.5	-59
462	CIN	Mitchell Tinsley	WR	17	72.02	6	4%	0%	24	53	27	133.5	-59
463	LAR	Konata Mumpfield	WR	17	53.09	11	-3.10%	0%	25	41	26	131.8	-59
464	MIA	Theo Wease Jr.	WR	17	57.06	6	-1.20%	0%	21.2	68	25	125	-61
465	TEN	K.J. Osborn	WR	17	49.05	9	5%	17%	28.9	36	35	98.5	-61
466	MIN	Josh Oliver	TE	17	43.04	6	2%	9%	32.3	56	34	112.1	-62
467	NYG	Jalin Hyatt	WR	17	26.12	8	3.70%	15%	20.5		23	125.3	-62
468	DEN	Adam Trautman	TE	17	35.03	10	-1%	12%	31.3	27	39	97.8	-62
469	DAL	Brevyn Spann-Ford	TE	17	64.01	14	-2.50%	0%	28.1	17	30	118.3	-62
470	DET	Tyler Conklin	TE	17	49.01	6	-2%	13%	32.3	7	34	105.4	-63
471	CIN	Drew Sample	TE	17	38.1	6	3.50%	10%	27.9	27	29	117.6	-63
472	BAL	Matthew Hibner	TE	17	68.02	13	3.60%	0%	24.9	14	29	117	-63
473	HOU	Marlin Klein	TE	17	62.03	8	0.50%	0%	30.1	30	34	102.5	-63
474	MIA	Will Kacmarek	TE	17	62.11	6	-3.20%	0%	27.8	29	29	114	-63
475	LAR	Davis Allen	TE	17	70.07	11	-2.20%	0%	26.9	16	30	112.2	-63
476	LAR	CJ Daniels	WR	17	46.07	11	-3.10%	0%	21.4	26	24	109.4	-63
477	DAL	Luke Schoonmaker	TE	17	62.05	14	-2.50%	13%	26.8	26	28	112.9	-64
478	DET	Brock Wright	TE	17	28.03	6	-2%	0%	30.4	51	32	95.9	-65
479	LAC	Derius Davis	WR	17	76.06	7	-2.60%	0%	29.1	14	31	79.6	-65
480	JAC	Josh Cameron	WR	17	56.07	7	4%	0%	19.9	40	23	101.7	-65
481	IND	Deion Burks	WR	17	49.09	13	-0.80%	0%	17.8	44	22	103.4	-65
482	NYJ	Tim Patrick	WR	17	47.12	13	-1%	7%	24.8	34	28	83.6	-66
483	CLE	Malachi Corley	WR	17	63.05	11	4.30%	11%	18	12	20	104	-66
484	CLE	Joe Royer	TE	17	66.12	11	3.40%	0%	22.5	11	27	106.1	-66
485	KC	Jeff Caldwell	WR	17	64.07	5	-2.60%	0%	16.5	23	19	104.9	-66
486	TB	David Sills V	WR	17	49.02	10	2.60%	0%	19.2	27	20	101.2	-66
487	DET	Dominic Lovett	WR	17	65.01	6	-1%	0%	17.2	24	20	103.2	-66
488	NYJ	Isaiah Williams	WR	17	60.1	13	-1%	0%	24.9	22	26	83.8	-66
489	TEN	Xavier Restrepo	WR	17	79.1	9	5%	0%	17	5	19	103.8	-66
490	NO	Bub Means	WR	17	69.09	8	0.90%	0%	18.1		19	91.4	-68
491	SF	Jacob Cowing	WR	17	52.06	8	-3.20%	0%	23.6	2	25	72	-68
492	BAL	Josh Cuevas	TE	17	70.12	13	3.60%	0%	18.6	28	21	103.3	-68
493	ATL	Casey Washington	WR	17	82.09	11	0.40%	0%	16.4	18	18	89.1	-68
494	BUF	Mecole Hardman	WR	17	42.1	7	0.70%	9%	14.4		18	90.1	-69
495	TB	Devin Culp	TE	17	79.06	10	-2.80%	0%	19.1	4	21	95.6	-69
496	SF	Luke Farrell	TE	17	37.05	8	-3.60%	0%	17.8	16	20	98.7	-70
497	PHI	Quez Watkins	WR	17	45.04	10	6.60%	7%	14.3	15	17	84.2	-70
498	SEA	Emmanuel Henderson Jr.	WR	17	62.02	11	-0.10%	0%	13.9	3	16	81.6	-70
499	PIT	Riley Nowakowski	TE	17	80.12	9	3%	0%	18.2	19	21	92.9	-70
500	PHI	Johnny Wilson	WR	17	83.04	10	6.60%	8%	15		19	74.8	-70
501	NO	Kevin Austin Jr.	WR	17	34.03	8	0.90%	0%	16.5	31	18	71.6	-71
502	PHI	Darius Cooper	WR	17	58.07	10	6.60%	0%	16.6	7	18	70	-71
503	ARI	Tip Reiman	TE	17	64.1	14	-3.60%	0%	16.4	14	18	91	-72
504	WAS	John Bates	TE	17	37.11	7	-3%	0%	17.9	14	20	85.5	-72
505	KC	Jared Wiley	TE	17	76.12	5	1.90%	0%	18.2	7	19	86.4	-72
506	ARI	Harrison Wallace III	WR	17	60.12	14	-0.80%	0%	12.4	12	14	75.7	-72
507	MIA	Tahj Washington	WR	17	82.07	6	-1.20%	0%	12.4	12	14	75.7	-72
508	IND	Will Mallory	TE	17	81.11	13	1.50%	0%	16.1	19	18	87.5	-72
509	CIN	Charlie Jones	WR	17	63.1	6	4%	0%	14.2		17	66.3	-72
510	CIN	Jack Endries	TE	17	71.01	6	3.50%	0%	18.6	14	22	76.8	-72
511	TB	Eric Rivers	WR	17	74.06	10	2.60%	0%	12.4	29	14	71.6	-72
512	DAL	Jordan Hudson	WR	17	66.03	14	-0.70%	0%	12.9	12	14	70	-73
513	NO	Mason Tipton	WR	17	82.08	8	0.90%	0%	15.5	20	17	61.8	-73
514	DAL	Anthony Smith	WR	17	73.12	14	-0.70%	0%	12.3		14	67.9	-73
515	DAL	Michael Trigg	TE	17	27.01	14	-2.50%	0%	17	34	21	74.2	-73
516	HOU	Lewis Bond	WR	17	66.01	8	4.40%	0%	11.9		13	63.6	-74
517	DAL	DJ Rogers	TE	16		14	-2.50%	0%	19.4	49	23	64.1	-74
518	GB	J. Michael Sturdivant	WR	17	73.03	11	1.30%	0%	11.9	11	13	62.3	-74
519	JAC	CJ Williams	WR	17	74.07	7	4%	0%	11.6	12	14	61.2	-74
520	PIT	Kaden Wetjen	WR	17	62.04	9	-2.60%	0%	16.8	5	20	41.8	-75
521	NE	Efton Chism	WR	17	48.09	11	-2.50%	0%	13.1	31	14	56.5	-75
522	NYG	Thomas Fidone II	TE	17	73.11	8	3.20%	0%	11.2	26	12	86.9	-75
523	TB	Bauer Sharp	TE	17	67.03	10	-2.80%	0%	14.8		17	75	-75
524	ATL	Charlie Woerner	TE	17	40.1	11	4.80%	0%	16.1	12	18	71.4	-75
525	KC	Jake Briningstool	TE	17	73.06	5	1.90%	0%	10.9		12	84.5	-75
526	IND	Anthony Gould	WR	17	72.04	13	-0.80%	0%	11.6	5	13	50.4	-76
527	MIA	Seydou Traore	TE	17	65.12	6	-3.20%	0%	11.6	18	14	68	-77
528	TB	Payne Durham	TE	17	69.11	10	-2.80%	0%	14	11	14	63.6	-77
529	NYJ	Jeremy Ruckert	TE	17	33.09	13	-1.50%	0%	15.3	8	16	56.5	-78
530	DEN	Dallen Bentley	TE	17	69.05	10	-1%	0%	12.3		14	62.1	-78
531	CLE	Aaron Anderson	WR	17	68.03	11	4.30%	0%	7.5	30	8	46.2	-78
532	PHI	Johnny Mundt	TE	17	56.1	10	7.10%	0%	14.2		17	53.3	-78
533	ATL	Vinny Anthony II	WR	17		11	0.40%	0%	7.6	7	8	42.5	-79
534	PHI	Grant Calcaterra	TE	17	35.09	10	7.10%	0%	15.7	9	18	44.6	-79
535	GB	RJ Maryland	TE	17		11	-3.30%	0%	11	11	13	58.1	-79
536	JAC	Hunter Long	TE	17	39.12	7	2.50%	12%	10.1	15	11	58.3	-80
537	MIN	J.J. McCarthy	QB	2	24.04	6	4%	36%	32.6	25	33	132.9	-80
538	CLE	Carsen Ryan	TE	17	66.08	11	3.40%	0%	9.5		12	53.5	-80
539	IND	Mo Alie-Cox	TE	17	55.04	13	1.50%	13%	22.6	17	23	22.6	-80
540	TEN	Jaren Kanak	TE	17	67.01	9	4.10%	0%	10	32	12	46.9	-81
541	IND	Andrew Ogletree	TE	17	33.01	13	1.50%	0%	16.5	8	16	16.5	-84
542	LAR	Ty Simpson	QB	2	25.01	11	0%	35%	26.7	21	30	97.8	-84
543	NYJ	Cade Klubnik	QB	2	46.02	13	-4.40%	0%	25.2	17	28	84.1	-86
544	BAL	Durham Smythe	TE	17	53.01	13	3.60%	15%	12.1	28	12	12.1	-86
545	ARI	Joshua Karty	K	8	71.07	14	1.90%	0%	63.4		64	89.6	-91
546	CLE	Taylen Green	QB	1	63.08	11	5.40%	0%	11.9	30	14	49	-93
547	PIT	Drew Allar	QB	1	55.1	9	-2.10%	0%	13	22	14	44.6	-94
548	CLE	Dillon Gabriel	QB	1	58.12	11	5.40%	0%	12	15	13	42.5	-94
549	IND	Blake Grupe	K	7	76.04	13	-2.20%	0%	56.1	115	57	82.2	-99
550	UNS	Brandon McManus	K	15	63.02	18	-	0%	37.3	33	37	37.3	-128
551	UNS	Graham Gano	K	16	54.04	18	-	0%	35.4	44	35	35.4	-130
552	IND	Spencer Shrader	K	10	23.07	13	-2.20%	0%	13.5	70	14	18.6	-152
553	NYG	Jason Sanders	K	5	43.05	8	0.20%	0%	12.9	124	13	12.9	-155

