	Running Backs	Team	Rank	ADP	vs. ADP
Running Back Busts	RJ Harvey	DEN	97	54	-43
Running Back Busts	Brian Robinson Jr.	ATL	143	115	-28
Running Back Busts	Bucky Irving	TB	59	36	-23
Running Back Busts	Jeremiyah Love	ARI	41	23	-18
Running Back Busts	TreVeyon Henderson	NE	61	43	-18
Running Back Busts	Kyle Monangai	CHI	90	72	-18
Running Back Busts	Tyler Allgeier	ARI	129	111	-18
Running Back Busts	Woody Marks	HOU	130	112	-18
Running Back Busts	Zach Charbonnet	SEA	131	113	-18
Running Back Busts	Bhayshul Tuten	JAC	64	47	-17
Running Back Busts	Kenny Gainwell	TB	113	96	-17
Running Back Busts	De'Von Achane	MIA	26	10	-16
Running Back Busts	Travis Etienne Jr.	NO	50	34	-16
Running Back Busts	Cam Skattebo	NYG	52	37	-15
					
	Wide Receivers	Team	Rank	ADP	vs. ADP
Wide Receiver Busts	Wan'Dale Robinson	TEN	123	94	-29
Wide Receiver Busts	Michael Wilson	ARI	99	73	-26
Wide Receiver Busts	Jakobi Meyers	JAC	115	93	-22
Wide Receiver Busts	Luther Burden III	CHI	55	38	-17
					
	Quarterbacks	Team	Rank	ADP	vs. ADP
Quarterback Busts	No busts found for the filters selected				
					
	Tight Ends	Team	Rank	ADP	vs. ADP
Tight End Busts	Juwan Johnson	NO	147	120	-27
Tight End Busts	Harold Fannin Jr.	CLE	85	63	-22
Tight End Busts	Hunter Henry	NE	145	123	-22
Tight End Busts	Jake Ferguson	DAL	126	105	-21
Tight End Busts	Isaiah Likely	NYG	119	101	-18
